{
    "": 3.95567946434021, 
    "--disable-builtin-cli-modules --disable-builtin-scripted-loadable-modules": 2.3460612297058105, 
    "--disable-modules": 1.7206308364868164, 
    "--disable-python": 1.6013810634613037, 
    "--disable-builtin-cli-modules": 3.899788808822632, 
    "--disable-python --disable-builtin-cli-modules": 1.5368361949920655, 
    "--disable-builtin-scripted-loadable-modules": 2.3865906238555907, 
    "--disable-python --disable-builtin-scripted-loadable-modules": 1.5772677898406982, 
    "--disable-python --disable-modules": 0.8344573497772216, 
    "--disable-builtin-loadable-modules": 2.840553379058838, 
    "--disable-python --disable-builtin-loadable-modules": 0.8861572742462158, 
    "--disable-python --disable-builtin-cli-modules --disable-builtin-scripted-loadable-modules": 1.526005172729492
}