{
    "CompareVolumes": 1.3374168872833252, 
    "SliceLinkLogic": 1.3687899112701416, 
    "EventBroker": 1.3480188846588135, 
    "AtlasTests": 1.322005033493042, 
    "AddStorableDataAfterSceneViewTest": 1.4481630325317383, 
    "GradientAnisotropicDiffusion": 1.3339991569519043, 
    "Annotations": 1.403850793838501, 
    "ResampleDTIVolume": 1.3499159812927246, 
    "ModelToLabelMap": 1.438033103942871, 
    "ThresholdScalarVolume": 1.431804895401001, 
    "RSNAQuantTutorial": 1.3818690776824951, 
    "DiffusionTensorScalarMeasurements": 1.4013910293579102, 
    "VolumeRenderingSceneClose": 1.3908798694610596, 
    "VectorToScalarVolume": 1.5305519104003906, 
    "test_tractography_display": 1.4986050128936768, 
    "SubjectHierarchyCorePluginsSelfTest": 1.3671238422393799, 
    "slicerCloseCrashBug2590": 1.3686089515686035, 
    "DoubleArrays": 1.3323240280151367, 
    "FiberBundleToLabelMap": 1.4343841075897217, 
    "BRAINSStripRotation": 1.4336841106414795, 
    "CLIEventTest": 1.3187649250030518, 
    "SubjectHierarchyGenericSelfTest": 1.4004440307617188, 
    "MultiplyScalarVolumes": 1.3680100440979004, 
    "AddScalarVolumes": 1.3712658882141113, 
    "CurvatureAnisotropicDiffusion": 1.40631103515625, 
    "ExtractSkeleton": 1.420346975326538, 
    "EMSegmentTransformToNewFormat": 1.3475289344787598, 
    "Transforms": 1.3557829856872559, 
    "Charting": 1.368419885635376, 
    "LandmarkRegistration": 2.7995879650115967, 
    "MergeModels": 1.382585048675537, 
    "DWIConvert": 1.3505761623382568, 
    "ACPCTransform": 1.3507990837097168, 
    "ScenePerformance": 1.4019179344177246, 
    "Cameras": 1.3521778583526611, 
    "SlicerMRBMultipleSaveRestoreLoopTest": 1.415870189666748, 
    "EMSegmentCommandLine": 1.3332569599151611, 
    "Markups": 1.3877480030059814, 
    "VolumeRendering": 1.4658150672912598, 
    "FiducialRegistration": 1.366353988647461, 
    "Editor": 1.4312050342559814, 
    "Units": 1.4390218257904053, 
    "VBRAINSDemonWarp": 1.3674390316009521, 
    "FiberBundleLabelSelect": 1.3523039817810059, 
    "MultiVolumeImporterPlugin": 1.4677410125732422, 
    "MarkupsInCompareViewersSelfTest": 1.388411045074463, 
    "CreateDICOMSeries": 1.5143561363220215, 
    "IslandRemoval": 1.4487659931182861, 
    "AddManyMarkupsFiducialTest": 1.3174161911010742, 
    "Welcome": 1.450056791305542, 
    "PETStandardUptakeValueComputation": 1.3742470741271973, 
    "BRAINSLabelStats": 1.3971121311187744, 
    "BRAINSDemonWarp": 1.3154139518737793, 
    "RobustStatisticsSegmenter": 1.335317850112915, 
    "OpenIGTLinkIF": 1.3835089206695557, 
    "CropVolume": 1.4143900871276855, 
    "BRAINSResize": 1.4518520832061768, 
    "SelfTests": 1.3648838996887207, 
    "CLIROITest": 1.3713369369506836, 
    "DICOM": 1.4180400371551514, 
    "fiber_visibility_crash2438": 1.4473819732666016, 
    "SimpleRegionGrowingSegmentation": 1.3490779399871826, 
    "sceneImport2428": 1.3853859901428223, 
    "Volumes": 1.3850560188293457, 
    "GrayscaleFillHoleImageFilter": 1.384692907333374, 
    "CLI4Test": 1.4835338592529297, 
    "SubtractScalarVolumes": 1.4178049564361572, 
    "TestGridTransformRegistration": 1.3655288219451904, 
    "EMSegment": 1.3864409923553467, 
    "RSNAVisTutorial": 1.3880319595336914, 
    "JRC2013Vis": 1.3972318172454834, 
    "DICOMDiffusionVolumePlugin": 1.3863940238952637, 
    "ThresholdThreadingTest": 1.4794690608978271, 
    "RSNA2012ProstateDemo": 1.402160882949829, 
    "LabelMapSmoothing": 1.4028961658477783, 
    "SceneViews": 1.370913028717041, 
    "OtsuThresholdImageFilter": 1.3796589374542236, 
    "MarkupsWidgetsSelfTest": 1.350611925125122, 
    "Tables": 1.3526639938354492, 
    "ExtensionWizard": 1.4189050197601318, 
    "SampleData": 1.3508632183074951, 
    "MedianImageFilter": 1.386470079421997, 
    "ExecutionModelTour": 1.4157929420471191, 
    "SubjectHierarchy": 1.3694148063659668, 
    "BRAINSTransformConvert": 1.397094964981079, 
    "FiberTractMeasurements": 1.403609037399292, 
    "CastScalarVolume": 1.3983089923858643, 
    "DTINotReproducibleIssue3977": 1.4882259368896484, 
    "N4ITKBiasFieldCorrection": 1.3982570171356201, 
    "Models": 1.4020001888275146, 
    "ViewControllers": 1.3739371299743652, 
    "NeurosurgicalPlanningTutorialMarkupsSelfTest": 1.5082612037658691, 
    "TwoCLIsInARowTest": 1.3706090450286865, 
    "PerformanceTests": 1.336780071258545, 
    "ResampleScalarVolume": 1.3630180358886719, 
    "Data": 1.4018299579620361, 
    "SimpleFilters": 2.837292194366455, 
    "TablesSelfTest": 1.3679890632629395, 
    "TractographyLabelMapSeeding": 1.3692259788513184, 
    "Endoscopy": 1.3807828426361084, 
    "GaussianBlurImageFilter": 1.4514548778533936, 
    "BRAINSFit": 1.4165871143341064, 
    "ColorsScalarBarSelfTest": 1.351736068725586, 
    "SlicerMRBMultipleSaveRestoreTest": 1.4647080898284912, 
    "BRAINSDWICleanup": 1.404008150100708, 
    "ImageLabelCombine": 1.4025390148162842, 
    "VotingBinaryHoleFillingImageFilter": 1.4171841144561768, 
    "BSplineToDeformationField": 1.3744590282440186, 
    "MultiVolumeExplorer": 1.3847200870513916, 
    "SurfaceToolbox": 1.4230289459228516, 
    "DWIToDTIEstimation": 1.4638378620147705, 
    "MarkupsInViewsSelfTest": 1.38643217086792, 
    "BRAINSResample": 1.336595058441162, 
    "MultiVolumeImporter": 1.4834089279174805, 
    "BRAINSFitRigidRegistrationCrashIssue4139": 1.383105993270874, 
    "HistogramMatching": 1.3989989757537842, 
    "SlicerMRBTest": 1.4032318592071533, 
    "CheckerBoardFilter": 1.3684630393981934, 
    "TwoCLIsInParallelTest": 1.4817240238189697, 
    "ProbeVolumeWithModel": 1.335536003112793, 
    "Colors": 1.4740171432495117, 
    "LabelStatistics": 1.3447821140289307, 
    "TractographyInteractiveSeeding": 1.4023020267486572, 
    "DataStore": 1.3919620513916016, 
    "Reformat": 1.3750600814819336, 
    "FiducialLayoutSwitchBug1914": 1.506309986114502, 
    "ViewControllersSliceInterpolationBug1926": 1.43048095703125, 
    "GrayscaleGrindPeakImageFilter": 1.5148439407348633, 
    "TractographyDisplay": 1.4855899810791016, 
    "OrientScalarVolume": 1.3337011337280273, 
    "DICOMScalarVolumePlugin": 1.4025399684906006, 
    "ExtensionStats": 1.4382469654083252, 
    "DiffusionTensorTest": 1.3626739978790283, 
    "GrayscaleModelMaker": 1.3683319091796875, 
    "PerformMetricTest": 1.376767873764038, 
    "MaskScalarVolume": 1.3504638671875, 
    "ExpertAutomatedRegistration": 1.4260849952697754, 
    "DICOMSlicerDataBundlePlugin": 1.448458194732666, 
    "DICOM2FullBrainTractography": 1.3466920852661133, 
    "BRAINSROIAuto": 1.5171680450439453, 
    "Slicer4Minute": 1.3836140632629395, 
    "DataProbe": 1.4850590229034424, 
    "EMSegmentQuick": 1.4510650634765625, 
    "DiffusionWeightedVolumeMasking": 1.4414939880371094, 
    "ResampleScalarVectorDWIVolume": 1.5282371044158936, 
    "SlicerMRBSaveRestoreCheckPathsTest": 1.3992960453033447, 
    "CropVolumeSelfTest": 1.3698208332061768, 
    "ModelMaker": 1.366603136062622
}