{
    "CompareVolumes": 1.2324068546295166, 
    "SliceLinkLogic": 1.264725923538208, 
    "EventBroker": 1.2411730289459229, 
    "TractographyLabelMapSeeding": 1.2141268253326416, 
    "GradientAnisotropicDiffusion": 1.2185471057891846, 
    "Annotations": 1.2228820323944092, 
    "ResampleDTIVolume": 1.194000005722046, 
    "ModelToLabelMap": 1.1927218437194824, 
    "ThresholdScalarVolume": 1.1941289901733398, 
    "VectorToScalarVolume": 1.2083251476287842, 
    "DoubleArrays": 1.2928991317749023, 
    "FiberBundleToLabelMap": 1.302138090133667, 
    "BRAINSStripRotation": 1.2116482257843018, 
    "MultiplyScalarVolumes": 1.2128989696502686, 
    "AddScalarVolumes": 1.2042210102081299, 
    "CurvatureAnisotropicDiffusion": 1.2172939777374268, 
    "ExtractSkeleton": 1.2014689445495605, 
    "EMSegmentTransformToNewFormat": 1.2021989822387695, 
    "Transforms": 1.2087368965148926, 
    "Charting": 1.2056300640106201, 
    "LandmarkRegistration": 2.748211145401001, 
    "MergeModels": 1.20570707321167, 
    "DWIConvert": 1.2126450538635254, 
    "ACPCTransform": 1.1999731063842773, 
    "ScenePerformance": 1.1928701400756836, 
    "Cameras": 1.2152879238128662, 
    "EMSegmentCommandLine": 1.203549861907959, 
    "Markups": 1.2531101703643799, 
    "VolumeRendering": 1.3179361820220947, 
    "FiducialRegistration": 1.210176944732666, 
    "Editor": 2.546996831893921, 
    "Units": 1.241199016571045, 
    "VBRAINSDemonWarp": 1.1949501037597656, 
    "FiberBundleLabelSelect": 1.1986830234527588, 
    "MultiVolumeImporterPlugin": 1.3027160167694092, 
    "CreateDICOMSeries": 1.2179150581359863, 
    "IslandRemoval": 1.2126491069793701, 
    "Welcome": 1.2876009941101074, 
    "PETStandardUptakeValueComputation": 1.2035739421844482, 
    "BRAINSLabelStats": 1.2168710231781006, 
    "BRAINSDemonWarp": 1.198937177658081, 
    "RobustStatisticsSegmenter": 1.1961748600006104, 
    "OpenIGTLinkIF": 1.2124991416931152, 
    "CropVolume": 1.1989381313323975, 
    "BRAINSResize": 1.2176270484924316, 
    "CLIROITest": 1.1835849285125732, 
    "DICOM": 1.239058017730713, 
    "SimpleRegionGrowingSegmentation": 1.2014350891113281, 
    "Volumes": 1.2227180004119873, 
    "GrayscaleFillHoleImageFilter": 1.1996569633483887, 
    "CLI4Test": 1.228714942932129, 
    "SubtractScalarVolumes": 1.214691162109375, 
    "TestGridTransformRegistration": 1.2107160091400146, 
    "EMSegment": 1.2308249473571777, 
    "DICOMDiffusionVolumePlugin": 1.2263109683990479, 
    "LabelMapSmoothing": 1.2148549556732178, 
    "SceneViews": 1.2021379470825195, 
    "OtsuThresholdImageFilter": 1.2176368236541748, 
    "Tables": 1.2373020648956299, 
    "ExtensionWizard": 1.3058648109436035, 
    "SampleData": 1.1987497806549072, 
    "MedianImageFilter": 1.1986289024353027, 
    "ExecutionModelTour": 1.2015159130096436, 
    "SubjectHierarchy": 1.212251901626587, 
    "BRAINSTransformConvert": 1.2023959159851074, 
    "FiberTractMeasurements": 1.2058990001678467, 
    "CastScalarVolume": 1.199997901916504, 
    "N4ITKBiasFieldCorrection": 1.2164649963378906, 
    "Models": 1.228322982788086, 
    "ViewControllers": 1.2226309776306152, 
    "ResampleScalarVolume": 1.1885449886322021, 
    "Data": 1.196526050567627, 
    "SimpleFilters": 2.5409910678863525, 
    "Endoscopy": 1.1851739883422852, 
    "GaussianBlurImageFilter": 1.2194569110870361, 
    "BRAINSFit": 1.1993110179901123, 
    "BRAINSDWICleanup": 1.1947698593139648, 
    "ImageLabelCombine": 1.18495512008667, 
    "VotingBinaryHoleFillingImageFilter": 1.207319974899292, 
    "MultiVolumeExplorer": 1.2198870182037354, 
    "SurfaceToolbox": 1.2018191814422607, 
    "DWIToDTIEstimation": 1.1918890476226807, 
    "DiffusionTensorScalarMeasurements": 1.206697940826416, 
    "BRAINSResample": 1.209578037261963, 
    "MultiVolumeImporter": 1.307187795639038, 
    "HistogramMatching": 1.2049980163574219, 
    "BRAINSROIAuto": 1.2673900127410889, 
    "ProbeVolumeWithModel": 1.190432071685791, 
    "Colors": 1.3306469917297363, 
    "LabelStatistics": 1.1956322193145752, 
    "TractographyInteractiveSeeding": 1.237727165222168, 
    "DataStore": 1.2112629413604736, 
    "Reformat": 1.212411880493164, 
    "BSplineToDeformationField": 1.1864361763000488, 
    "GrayscaleGrindPeakImageFilter": 1.2013251781463623, 
    "TractographyDisplay": 1.221601963043213, 
    "OrientScalarVolume": 1.205399990081787, 
    "DICOMScalarVolumePlugin": 1.2380712032318115, 
    "ExtensionStats": 1.2442641258239746, 
    "DiffusionTensorTest": 1.202092170715332, 
    "GrayscaleModelMaker": 1.204766035079956, 
    "PerformMetricTest": 1.2004249095916748, 
    "MaskScalarVolume": 1.2009639739990234, 
    "ExpertAutomatedRegistration": 1.1796040534973145, 
    "DICOMSlicerDataBundlePlugin": 1.2270011901855469, 
    "DICOM2FullBrainTractography": 1.2138900756835938, 
    "CheckerBoardFilter": 1.1929230690002441, 
    "Slicer4Minute": 1.2349591255187988, 
    "DataProbe": 1.3259239196777344, 
    "EMSegmentQuick": 1.239555835723877, 
    "DiffusionWeightedVolumeMasking": 1.1886029243469238, 
    "ResampleScalarVectorDWIVolume": 1.2126200199127197, 
    "ModelMaker": 1.2101550102233887
}