{
    "CompareVolumes": 5.763468027114868, 
    "SliceLinkLogic": 5.611809968948364, 
    "EventBroker": 5.498090028762817, 
    "AtlasTests": 5.642493963241577, 
    "AddStorableDataAfterSceneViewTest": 5.739530086517334, 
    "GradientAnisotropicDiffusion": 5.997469902038574, 
    "Annotations": 6.050700902938843, 
    "ResampleDTIVolume": 6.011444091796875, 
    "ModelToLabelMap": 5.844177961349487, 
    "ThresholdScalarVolume": 5.5995261669158936, 
    "RSNAQuantTutorial": 5.605509996414185, 
    "DiffusionTensorScalarMeasurements": 5.806788921356201, 
    "VolumeRenderingSceneClose": 5.540075063705444, 
    "VectorToScalarVolume": 5.737756013870239, 
    "test_tractography_display": 5.588961839675903, 
    "SubjectHierarchyCorePluginsSelfTest": 5.749924182891846, 
    "slicerCloseCrashBug2590": 5.569262981414795, 
    "DoubleArrays": 5.578862905502319, 
    "FiberBundleToLabelMap": 5.651417970657349, 
    "BRAINSStripRotation": 5.534260988235474, 
    "CLIEventTest": 5.700956106185913, 
    "SubjectHierarchyGenericSelfTest": 5.531499147415161, 
    "MultiplyScalarVolumes": 5.503562927246094, 
    "AddScalarVolumes": 5.513363838195801, 
    "CurvatureAnisotropicDiffusion": 5.550572156906128, 
    "ExtractSkeleton": 5.633725881576538, 
    "EMSegmentTransformToNewFormat": 5.465354919433594, 
    "Transforms": 5.454195976257324, 
    "Charting": 5.8471808433532715, 
    "LandmarkRegistration": 5.628288984298706, 
    "MergeModels": 5.770612955093384, 
    "DWIConvert": 5.805047988891602, 
    "ACPCTransform": 5.621570110321045, 
    "ScenePerformance": 5.675895929336548, 
    "Cameras": 5.749492883682251, 
    "SlicerMRBMultipleSaveRestoreLoopTest": 5.797652006149292, 
    "EMSegmentCommandLine": 5.776273012161255, 
    "Markups": 5.946966171264648, 
    "VolumeRendering": 5.646363019943237, 
    "FiducialRegistration": 5.66875696182251, 
    "Editor": 5.629583120346069, 
    "Units": 5.530511856079102, 
    "VBRAINSDemonWarp": 5.723438024520874, 
    "FiberBundleLabelSelect": 5.837100028991699, 
    "MultiVolumeImporterPlugin": 5.720643997192383, 
    "MarkupsInCompareViewersSelfTest": 5.8433449268341064, 
    "CreateDICOMSeries": 5.773916959762573, 
    "IslandRemoval": 6.199554920196533, 
    "AddManyMarkupsFiducialTest": 6.071865081787109, 
    "Welcome": 4.021857023239136, 
    "PETStandardUptakeValueComputation": 5.826920986175537, 
    "BRAINSLabelStats": 5.616060018539429, 
    "BRAINSDemonWarp": 5.807634115219116, 
    "RobustStatisticsSegmenter": 5.613318920135498, 
    "OpenIGTLinkIF": 5.625682830810547, 
    "CropVolume": 5.480928897857666, 
    "BRAINSResize": 5.866230010986328, 
    "SelfTests": 5.713526964187622, 
    "CLIROITest": 5.739762783050537, 
    "DICOM": 5.7379419803619385, 
    "fiber_visibility_crash2438": 5.944548845291138, 
    "SimpleRegionGrowingSegmentation": 5.681956052780151, 
    "sceneImport2428": 5.641767978668213, 
    "Volumes": 5.5515758991241455, 
    "GrayscaleFillHoleImageFilter": 5.588150978088379, 
    "CLI4Test": 5.646831035614014, 
    "SubtractScalarVolumes": 5.6981520652771, 
    "TestGridTransformRegistration": 5.58234715461731, 
    "EMSegment": 5.488553047180176, 
    "RSNAVisTutorial": 5.568346977233887, 
    "JRC2013Vis": 5.575595855712891, 
    "DICOMDiffusionVolumePlugin": 5.687137126922607, 
    "ThresholdThreadingTest": 5.625403881072998, 
    "RSNA2012ProstateDemo": 6.158643007278442, 
    "LabelMapSmoothing": 5.830650091171265, 
    "SceneViews": 5.7720232009887695, 
    "OtsuThresholdImageFilter": 6.041378974914551, 
    "MarkupsWidgetsSelfTest": 6.124797105789185, 
    "Tables": 5.823922872543335, 
    "ExtensionWizard": 5.665715932846069, 
    "SampleData": 5.977878093719482, 
    "MedianImageFilter": 6.379960060119629, 
    "ExecutionModelTour": 5.898437023162842, 
    "SubjectHierarchy": 5.526818037033081, 
    "BRAINSTransformConvert": 5.755668878555298, 
    "FiberTractMeasurements": 5.75778603553772, 
    "CastScalarVolume": 5.8197550773620605, 
    "DTINotReproducibleIssue3977": 5.58742094039917, 
    "N4ITKBiasFieldCorrection": 5.645845890045166, 
    "Models": 5.613606929779053, 
    "ViewControllers": 5.664193868637085, 
    "NeurosurgicalPlanningTutorialMarkupsSelfTest": 5.796708106994629, 
    "TwoCLIsInARowTest": 5.659857988357544, 
    "PerformanceTests": 5.558082103729248, 
    "ResampleScalarVolume": 5.5581419467926025, 
    "Data": 5.450342178344727, 
    "SimpleFilters": 5.40941309928894, 
    "TablesSelfTest": 5.633543968200684, 
    "TractographyLabelMapSeeding": 5.725131988525391, 
    "Endoscopy": 5.57863712310791, 
    "GaussianBlurImageFilter": 5.69929313659668, 
    "BRAINSFit": 5.504003047943115, 
    "ColorsScalarBarSelfTest": 5.586750030517578, 
    "SlicerMRBMultipleSaveRestoreTest": 5.490655183792114, 
    "BRAINSDWICleanup": 5.654011011123657, 
    "ImageLabelCombine": 5.870086908340454, 
    "VotingBinaryHoleFillingImageFilter": 5.8563079833984375, 
    "BSplineToDeformationField": 5.877111911773682, 
    "MultiVolumeExplorer": 5.551450967788696, 
    "SurfaceToolbox": 5.6086061000823975, 
    "DWIToDTIEstimation": 5.756852865219116, 
    "MarkupsInViewsSelfTest": 5.604333877563477, 
    "BRAINSResample": 5.6312620639801025, 
    "MultiVolumeImporter": 5.834383010864258, 
    "BRAINSFitRigidRegistrationCrashIssue4139": 5.627384185791016, 
    "HistogramMatching": 5.9780051708221436, 
    "SlicerMRBTest": 5.578926086425781, 
    "CheckerBoardFilter": 5.507955074310303, 
    "TwoCLIsInParallelTest": 5.899401903152466, 
    "ProbeVolumeWithModel": 5.97429895401001, 
    "Colors": 5.458087205886841, 
    "LabelStatistics": 5.574824094772339, 
    "TractographyInteractiveSeeding": 5.721751928329468, 
    "DataStore": 5.998962879180908, 
    "Reformat": 6.009383916854858, 
    "FiducialLayoutSwitchBug1914": 5.725381851196289, 
    "ViewControllersSliceInterpolationBug1926": 6.1725709438323975, 
    "GrayscaleGrindPeakImageFilter": 5.835011005401611, 
    "TractographyDisplay": 6.08590292930603, 
    "OrientScalarVolume": 5.723818063735962, 
    "DICOMScalarVolumePlugin": 5.880151033401489, 
    "ExtensionStats": 5.813642978668213, 
    "DiffusionTensorTest": 5.735021114349365, 
    "GrayscaleModelMaker": 5.837728977203369, 
    "PerformMetricTest": 5.864199876785278, 
    "MaskScalarVolume": 5.811359167098999, 
    "ExpertAutomatedRegistration": 5.501275062561035, 
    "DICOMSlicerDataBundlePlugin": 5.684248924255371, 
    "DICOM2FullBrainTractography": 5.522907018661499, 
    "BRAINSROIAuto": 5.604295969009399, 
    "Slicer4Minute": 5.602613925933838, 
    "DataProbe": 5.55170202255249, 
    "EMSegmentQuick": 5.5835280418396, 
    "DiffusionWeightedVolumeMasking": 5.579660892486572, 
    "ResampleScalarVectorDWIVolume": 5.918360948562622, 
    "SlicerMRBSaveRestoreCheckPathsTest": 5.571422815322876, 
    "CropVolumeSelfTest": 5.554947137832642, 
    "ModelMaker": 5.6558849811553955
}