{
    "CompareVolumes": 1.233177375793457, 
    "SliceLinkLogic": 1.2213468074798584, 
    "EventBroker": 1.220835542678833, 
    "AtlasTests": 1.2225220203399658, 
    "AddStorableDataAfterSceneViewTest": 1.226667881011963, 
    "GradientAnisotropicDiffusion": 1.2226853370666504, 
    "Annotations": 1.266874074935913, 
    "ResampleDTIVolume": 1.2268675804138183, 
    "ModelToLabelMap": 1.2194517612457276, 
    "ThresholdScalarVolume": 1.2235008239746095, 
    "RSNAQuantTutorial": 1.224841594696045, 
    "DiffusionTensorScalarMeasurements": 1.390890121459961, 
    "VolumeRenderingSceneClose": 1.224166250228882, 
    "VectorToScalarVolume": 1.2276834011077882, 
    "test_tractography_display": 1.2746315479278565, 
    "SubjectHierarchyCorePluginsSelfTest": 1.2519543170928955, 
    "slicerCloseCrashBug2590": 1.274477767944336, 
    "DoubleArrays": 1.330264186859131, 
    "FiberBundleToLabelMap": 1.5339883804321288, 
    "BRAINSStripRotation": 1.3755821704864502, 
    "CLIEventTest": 1.27491135597229, 
    "SubjectHierarchyGenericSelfTest": 1.47853364944458, 
    "MultiplyScalarVolumes": 1.4392699718475341, 
    "AddScalarVolumes": 1.4781792163848877, 
    "CurvatureAnisotropicDiffusion": 1.2802757740020752, 
    "ExtractSkeleton": 1.4650197982788087, 
    "EMSegmentTransformToNewFormat": 1.4749919414520263, 
    "Transforms": 1.4733253955841064, 
    "Charting": 1.299495792388916, 
    "LandmarkRegistration": 1.339274787902832, 
    "MergeModels": 1.4784511089324952, 
    "DWIConvert": 1.4007242679595948, 
    "ACPCTransform": 1.4542571544647216, 
    "ScenePerformance": 1.4485477924346923, 
    "Cameras": 1.4545082092285155, 
    "SlicerMRBMultipleSaveRestoreLoopTest": 1.5766481399536132, 
    "EMSegmentCommandLine": 1.4535114288330078, 
    "Markups": 1.4935925960540772, 
    "VolumeRendering": 1.4654459953308105, 
    "FiducialRegistration": 1.4003084659576417, 
    "Editor": 1.5805034160614013, 
    "Units": 1.505196762084961, 
    "VBRAINSDemonWarp": 1.4502793788909911, 
    "FiberBundleLabelSelect": 1.44518141746521, 
    "MultiVolumeImporterPlugin": 1.5858768939971923, 
    "MarkupsInCompareViewersSelfTest": 1.46637921333313, 
    "CreateDICOMSeries": 1.5079942226409913, 
    "IslandRemoval": 1.4438316345214843, 
    "AddManyMarkupsFiducialTest": 1.3780771732330321, 
    "Welcome": 1.389296817779541, 
    "PETStandardUptakeValueComputation": 1.312743330001831, 
    "BRAINSLabelStats": 1.2981329441070557, 
    "BRAINSDemonWarp": 1.3039659976959228, 
    "RobustStatisticsSegmenter": 1.340956211090088, 
    "OpenIGTLinkIF": 1.2574656009674072, 
    "CropVolume": 1.4641422748565673, 
    "BRAINSResize": 1.5045772075653077, 
    "SelfTests": 1.3543709754943847, 
    "CLIROITest": 1.3187180042266846, 
    "DICOM": 1.4266884326934814, 
    "fiber_visibility_crash2438": 1.3159617900848388, 
    "SimpleRegionGrowingSegmentation": 1.4910203456878661, 
    "sceneImport2428": 1.3194643974304199, 
    "Volumes": 1.3870132446289063, 
    "GrayscaleFillHoleImageFilter": 1.3292231559753418, 
    "CLI4Test": 1.362579870223999, 
    "SubtractScalarVolumes": 1.3292141914367677, 
    "TestGridTransformRegistration": 1.2879478454589843, 
    "EMSegment": 1.4277148246765137, 
    "RSNAVisTutorial": 1.417644166946411, 
    "JRC2013Vis": 1.4789988994598389, 
    "DICOMDiffusionVolumePlugin": 1.3681926250457763, 
    "ThresholdThreadingTest": 1.495296049118042, 
    "RSNA2012ProstateDemo": 1.312879467010498, 
    "LabelMapSmoothing": 1.2956116676330567, 
    "SceneViews": 1.257551383972168, 
    "OtsuThresholdImageFilter": 1.3328526973724366, 
    "MarkupsWidgetsSelfTest": 1.4089411735534667, 
    "Tables": 1.3401432037353516, 
    "ExtensionWizard": 1.493358564376831, 
    "SampleData": 1.362721586227417, 
    "MedianImageFilter": 1.3056096076965331, 
    "ExecutionModelTour": 1.2904067993164063, 
    "SubjectHierarchy": 1.3444928169250487, 
    "BRAINSTransformConvert": 1.2922571659088136, 
    "FiberTractMeasurements": 1.3206745624542235, 
    "CastScalarVolume": 1.2706161975860595, 
    "DTINotReproducibleIssue3977": 1.2648378372192384, 
    "N4ITKBiasFieldCorrection": 1.300817060470581, 
    "Models": 1.2989700317382813, 
    "ViewControllers": 1.2885322093963623, 
    "NeurosurgicalPlanningTutorialMarkupsSelfTest": 1.516584587097168, 
    "TwoCLIsInARowTest": 1.3737756252288817, 
    "PerformanceTests": 1.3189117908477783, 
    "ResampleScalarVolume": 1.2879563808441161, 
    "Data": 1.2844308376312257, 
    "SimpleFilters": 1.290191411972046, 
    "TablesSelfTest": 1.3666959285736084, 
    "TractographyLabelMapSeeding": 1.3933228492736816, 
    "Endoscopy": 1.2572231769561768, 
    "GaussianBlurImageFilter": 1.3256726741790772, 
    "BRAINSFit": 1.2514265537261964, 
    "ColorsScalarBarSelfTest": 1.255839204788208, 
    "SlicerMRBMultipleSaveRestoreTest": 1.4797738075256348, 
    "BRAINSDWICleanup": 1.2644676208496093, 
    "ImageLabelCombine": 1.3614491939544677, 
    "VotingBinaryHoleFillingImageFilter": 1.3570260047912597, 
    "BSplineToDeformationField": 1.3087220191955566, 
    "MultiVolumeExplorer": 1.4328363418579102, 
    "SurfaceToolbox": 1.4217053413391114, 
    "DWIToDTIEstimation": 1.4497478485107422, 
    "MarkupsInViewsSelfTest": 1.221466875076294, 
    "BRAINSResample": 1.3253236770629884, 
    "MultiVolumeImporter": 1.349492359161377, 
    "BRAINSFitRigidRegistrationCrashIssue4139": 1.3766116142272948, 
    "HistogramMatching": 1.4430761814117432, 
    "SlicerMRBTest": 1.35404052734375, 
    "CheckerBoardFilter": 1.2278260231018066, 
    "TwoCLIsInParallelTest": 1.301854705810547, 
    "ProbeVolumeWithModel": 1.3345960140228272, 
    "Colors": 1.5212898254394531, 
    "LabelStatistics": 1.3124717712402343, 
    "TractographyInteractiveSeeding": 1.339187002182007, 
    "DataStore": 1.3712220668792725, 
    "Reformat": 1.4256168365478517, 
    "FiducialLayoutSwitchBug1914": 1.3729613304138184, 
    "ViewControllersSliceInterpolationBug1926": 1.3219822883605956, 
    "GrayscaleGrindPeakImageFilter": 1.3292689800262452, 
    "TractographyDisplay": 1.2648104190826417, 
    "OrientScalarVolume": 1.3301711082458496, 
    "DICOMScalarVolumePlugin": 1.3322684288024902, 
    "ExtensionStats": 1.3415585994720458, 
    "DiffusionTensorTest": 1.2797120094299317, 
    "GrayscaleModelMaker": 1.3355324268341064, 
    "PerformMetricTest": 1.2233405590057373, 
    "MaskScalarVolume": 1.2728315830230712, 
    "ExpertAutomatedRegistration": 1.2499390602111817, 
    "DICOMSlicerDataBundlePlugin": 1.260602855682373, 
    "DICOM2FullBrainTractography": 1.2811101436614991, 
    "BRAINSROIAuto": 1.3965633392333985, 
    "Slicer4Minute": 1.2413953304290772, 
    "DataProbe": 1.3505020141601562, 
    "EMSegmentQuick": 1.267134666442871, 
    "DiffusionWeightedVolumeMasking": 1.241551399230957, 
    "ResampleScalarVectorDWIVolume": 1.2109176158905028, 
    "SlicerMRBSaveRestoreCheckPathsTest": 1.257833433151245, 
    "CropVolumeSelfTest": 1.2206156253814697, 
    "ModelMaker": 1.3262572288513184
}