{
    "": 2.3681883335113527, 
    "--disable-builtin-cli-modules --disable-builtin-scripted-loadable-modules": 1.9852987289428712, 
    "--disable-modules": 1.3179083347320557, 
    "--disable-python": 2.027285861968994, 
    "--disable-builtin-cli-modules": 2.326870489120483, 
    "--disable-python --disable-builtin-cli-modules": 1.9640208244323731, 
    "--disable-builtin-scripted-loadable-modules": 2.0529863357543947, 
    "--disable-python --disable-builtin-scripted-loadable-modules": 2.0321915626525877, 
    "--disable-python --disable-modules": 0.856325626373291, 
    "--disable-builtin-loadable-modules": 1.6596453666687012, 
    "--disable-python --disable-builtin-loadable-modules": 0.907729196548462, 
    "--disable-python --disable-builtin-cli-modules --disable-builtin-scripted-loadable-modules": 1.9815982818603515
}