{
    "CompareVolumes": 1.2180759906768799, 
    "SliceLinkLogic": 1.2336628437042236, 
    "EventBroker": 1.2120490074157715, 
    "AtlasTests": 1.2407429218292236, 
    "AddStorableDataAfterSceneViewTest": 1.2276649475097656, 
    "GradientAnisotropicDiffusion": 1.2262768745422363, 
    "Annotations": 1.2502338886260986, 
    "ResampleDTIVolume": 1.2336149215698242, 
    "ModelToLabelMap": 1.2349529266357422, 
    "ThresholdScalarVolume": 1.225135087966919, 
    "RSNAQuantTutorial": 1.2429277896881104, 
    "DiffusionTensorScalarMeasurements": 1.2136449813842773, 
    "VolumeRenderingSceneClose": 1.2456698417663574, 
    "VectorToScalarVolume": 1.2443139553070068, 
    "test_tractography_display": 1.2183802127838135, 
    "SubjectHierarchyCorePluginsSelfTest": 1.2102019786834717, 
    "slicerCloseCrashBug2590": 1.27341890335083, 
    "DoubleArrays": 1.6442248821258545, 
    "FiberBundleToLabelMap": 1.293032169342041, 
    "BRAINSStripRotation": 1.2352747917175293, 
    "CLIEventTest": 1.2189970016479492, 
    "SubjectHierarchyGenericSelfTest": 1.2942450046539307, 
    "MultiplyScalarVolumes": 1.246208906173706, 
    "AddScalarVolumes": 1.236419916152954, 
    "CurvatureAnisotropicDiffusion": 1.19930100440979, 
    "ExtractSkeleton": 1.2446808815002441, 
    "EMSegmentTransformToNewFormat": 1.1996638774871826, 
    "Transforms": 1.2082889080047607, 
    "Charting": 1.2141201496124268, 
    "LandmarkRegistration": 2.5377659797668457, 
    "MergeModels": 1.1987149715423584, 
    "DWIConvert": 1.1950020790100098, 
    "ACPCTransform": 1.2193241119384766, 
    "ScenePerformance": 1.208315134048462, 
    "Cameras": 1.6365489959716797, 
    "SlicerMRBMultipleSaveRestoreLoopTest": 2.5321109294891357, 
    "EMSegmentCommandLine": 1.203423023223877, 
    "Markups": 1.62528395652771, 
    "VolumeRendering": 1.6847999095916748, 
    "FiducialRegistration": 1.2067561149597168, 
    "Editor": 2.5841808319091797, 
    "Units": 1.6783668994903564, 
    "VBRAINSDemonWarp": 1.2072560787200928, 
    "FiberBundleLabelSelect": 1.1915459632873535, 
    "MultiVolumeImporterPlugin": 1.3064508438110352, 
    "MarkupsInCompareViewersSelfTest": 1.2158141136169434, 
    "CreateDICOMSeries": 1.1996231079101562, 
    "IslandRemoval": 1.184602975845337, 
    "AddManyMarkupsFiducialTest": 1.2000610828399658, 
    "Welcome": 1.7055599689483643, 
    "PETStandardUptakeValueComputation": 1.20381498336792, 
    "BRAINSLabelStats": 1.2074921131134033, 
    "BRAINSDemonWarp": 1.1842670440673828, 
    "RobustStatisticsSegmenter": 1.19594407081604, 
    "OpenIGTLinkIF": 1.6090409755706787, 
    "CropVolume": 1.2137010097503662, 
    "BRAINSResize": 1.2051570415496826, 
    "SelfTests": 1.1817891597747803, 
    "CLIROITest": 1.2247610092163086, 
    "DICOM": 1.2492341995239258, 
    "fiber_visibility_crash2438": 1.226449966430664, 
    "SimpleRegionGrowingSegmentation": 1.191519021987915, 
    "sceneImport2428": 1.20455002784729, 
    "Volumes": 1.20884108543396, 
    "GrayscaleFillHoleImageFilter": 1.2160608768463135, 
    "CLI4Test": 1.2036089897155762, 
    "SubtractScalarVolumes": 1.2067019939422607, 
    "TestGridTransformRegistration": 1.199451208114624, 
    "EMSegment": 1.6141960620880127, 
    "RSNAVisTutorial": 1.2403857707977295, 
    "JRC2013Vis": 1.2550981044769287, 
    "DICOMDiffusionVolumePlugin": 1.2888109683990479, 
    "ThresholdThreadingTest": 2.569260835647583, 
    "RSNA2012ProstateDemo": 1.2040989398956299, 
    "LabelMapSmoothing": 1.2173609733581543, 
    "SceneViews": 1.225661039352417, 
    "OtsuThresholdImageFilter": 1.233259916305542, 
    "MarkupsWidgetsSelfTest": 1.2343871593475342, 
    "Tables": 1.7605149745941162, 
    "ExtensionWizard": 1.35355806350708, 
    "SampleData": 1.2183499336242676, 
    "MedianImageFilter": 1.2460978031158447, 
    "ExecutionModelTour": 1.1983489990234375, 
    "SubjectHierarchy": 1.6610419750213623, 
    "BRAINSTransformConvert": 1.1946051120758057, 
    "FiberTractMeasurements": 1.2125580310821533, 
    "CastScalarVolume": 1.2131381034851074, 
    "DTINotReproducibleIssue3977": 1.2215960025787354, 
    "N4ITKBiasFieldCorrection": 1.2185869216918945, 
    "Models": 1.264307975769043, 
    "ViewControllers": 1.6752469539642334, 
    "NeurosurgicalPlanningTutorialMarkupsSelfTest": 2.5357139110565186, 
    "TwoCLIsInARowTest": 1.211353063583374, 
    "PerformanceTests": 1.1935110092163086, 
    "ResampleScalarVolume": 1.1919031143188477, 
    "Data": 1.2084248065948486, 
    "SimpleFilters": 2.5678939819335938, 
    "TablesSelfTest": 1.2014570236206055, 
    "TractographyLabelMapSeeding": 1.198456048965454, 
    "Endoscopy": 1.1951019763946533, 
    "GaussianBlurImageFilter": 1.1916000843048096, 
    "BRAINSFit": 1.2100589275360107, 
    "ColorsScalarBarSelfTest": 1.1889309883117676, 
    "SlicerMRBMultipleSaveRestoreTest": 2.545693874359131, 
    "BRAINSDWICleanup": 1.208956003189087, 
    "ImageLabelCombine": 1.1984038352966309, 
    "VotingBinaryHoleFillingImageFilter": 1.1975369453430176, 
    "BSplineToDeformationField": 1.2837471961975098, 
    "MultiVolumeExplorer": 1.6412289142608643, 
    "SurfaceToolbox": 1.2047770023345947, 
    "DWIToDTIEstimation": 1.182615041732788, 
    "MarkupsInViewsSelfTest": 1.222609043121338, 
    "BRAINSResample": 1.2176728248596191, 
    "MultiVolumeImporter": 1.3708059787750244, 
    "BRAINSFitRigidRegistrationCrashIssue4139": 1.2258861064910889, 
    "HistogramMatching": 1.2035698890686035, 
    "SlicerMRBTest": 2.6465721130371094, 
    "CheckerBoardFilter": 1.2470731735229492, 
    "TwoCLIsInParallelTest": 1.1975719928741455, 
    "ProbeVolumeWithModel": 1.1874210834503174, 
    "Colors": 1.3282690048217773, 
    "LabelStatistics": 1.1928131580352783, 
    "TractographyInteractiveSeeding": 1.6414461135864258, 
    "DataStore": 1.6085331439971924, 
    "Reformat": 1.5954310894012451, 
    "FiducialLayoutSwitchBug1914": 1.19405198097229, 
    "ViewControllersSliceInterpolationBug1926": 1.2103750705718994, 
    "GrayscaleGrindPeakImageFilter": 1.2088210582733154, 
    "TractographyDisplay": 1.611487865447998, 
    "OrientScalarVolume": 1.2051270008087158, 
    "DICOMScalarVolumePlugin": 1.245332956314087, 
    "ExtensionStats": 1.2876009941101074, 
    "DiffusionTensorTest": 1.3321490287780762, 
    "GrayscaleModelMaker": 1.1926331520080566, 
    "PerformMetricTest": 1.2643749713897705, 
    "MaskScalarVolume": 1.2737469673156738, 
    "ExpertAutomatedRegistration": 1.2618770599365234, 
    "DICOMSlicerDataBundlePlugin": 1.324826955795288, 
    "DICOM2FullBrainTractography": 1.2807800769805908, 
    "BRAINSROIAuto": 1.209157943725586, 
    "Slicer4Minute": 1.307771921157837, 
    "DataProbe": 1.4155418872833252, 
    "EMSegmentQuick": 1.736137866973877, 
    "DiffusionWeightedVolumeMasking": 1.2914631366729736, 
    "ResampleScalarVectorDWIVolume": 1.2493789196014404, 
    "SlicerMRBSaveRestoreCheckPathsTest": 1.4074630737304688, 
    "CropVolumeSelfTest": 1.445556879043579, 
    "ModelMaker": 1.396576166152954
}